u10,v10,d2m,t2m,sdor,rh2,zsurf,t2m_std
22.473211,20.965183,300.40714,318.5624,460.15057,99.66684,5370.537,9.126111
