u10,v10,d2m,t2m,sdor,rh2,zsurf,t2m_std
-20.258007,-19.254301,200.88414,204.9856,3.0517578e-05,3.277934,-40.93211,0.009688939
